{
  "observed_at": "2026-04-13T12:38:16.493593+00:00",
  "step": 6,
  "step_zero_indexed": 5,
  "v20_snapshot_step": 5,
  "examples_in_step": 32,
  "microbatches_in_step": 2,
  "train_loss": 0.3547715350036094,
  "step_tokens": 96680,
  "trained_tokens": 658548,
  "lr": 0.0001959183673469388,
  "elapsed_seconds": 102.5631,
  "total_elapsed_seconds": 632.5854,
  "peak_memory_gb": 291.7348
}
