{
  "event": "train",
  "logged_at": "2026-04-09T17:44:15.575516+00:00",
  "iteration": 784,
  "optimizer_step": 101,
  "train_loss": 0.17966507375240326,
  "learning_rate": 2.3610472510426916e-07,
  "iterations_per_second": 0.5100721232427212,
  "tokens_per_second": 236.67346518462264,
  "trained_tokens": 417059,
  "peak_memory": 65.896183896,
  "steps_per_report_step_unit": "optimizer"
}