{
  "event": "train",
  "logged_at": "2026-04-12T03:47:41.383854+00:00",
  "iteration": 64,
  "optimizer_step": 8,
  "train_loss": 0.3580302894115448,
  "learning_rate": 3.806018966656666e-08,
  "iterations_per_second": 0.5251503101313609,
  "tokens_per_second": 293.84621493928387,
  "trained_tokens": 35811,
  "peak_memory": 65.461987988,
  "steps_per_report_step_unit": "optimizer"
}