{
  "event": "train",
  "logged_at": "2026-04-12T01:37:09.914022+00:00",
  "iteration": 64,
  "optimizer_step": 8,
  "train_loss": 0.3613874912261963,
  "learning_rate": 3.806018966656666e-08,
  "iterations_per_second": 0.48444431454911335,
  "tokens_per_second": 263.61340153886596,
  "trained_tokens": 34826,
  "peak_memory": 65.461583458,
  "steps_per_report_step_unit": "optimizer"
}