{
  "event": "train",
  "logged_at": "2026-04-10T23:19:52.738239+00:00",
  "iteration": 60,
  "optimizer_step": 8,
  "train_loss": 0.44905754725138347,
  "learning_rate": 1.5224075866626663e-07,
  "iterations_per_second": 0.5756632625383737,
  "tokens_per_second": 353.86020748233835,
  "trained_tokens": 36882,
  "peak_memory": 69.028371286,
  "steps_per_report_step_unit": "optimizer"
}