{
  "event": "train",
  "logged_at": "2026-04-11T10:07:59.856771+00:00",
  "iteration": 117,
  "optimizer_step": 16,
  "train_loss": 0.4312134820061761,
  "learning_rate": 2.8822304543041355e-08,
  "iterations_per_second": 0.7495152364766061,
  "tokens_per_second": 468.83190900039386,
  "trained_tokens": 72956,
  "peak_memory": 67.317786228,
  "steps_per_report_step_unit": "optimizer"
}