{
  "event": "train",
  "logged_at": "2026-04-09T03:21:53.429955+00:00",
  "iteration": 784,
  "optimizer_step": 101,
  "train_loss": 0.1870844066143036,
  "learning_rate": 2.3610472510426916e-07,
  "iterations_per_second": 0.858648328568633,
  "tokens_per_second": 398.41282445584574,
  "trained_tokens": 418695,
  "peak_memory": 70.926252432,
  "steps_per_report_step_unit": "optimizer"
}