{
  "event": "train",
  "logged_at": "2026-04-11T23:10:22.767137+00:00",
  "iteration": 64,
  "optimizer_step": 8,
  "train_loss": 0.3595956265926361,
  "learning_rate": 3.806018966656666e-08,
  "iterations_per_second": 0.5863017145616203,
  "tokens_per_second": 320.1115751863546,
  "trained_tokens": 34943,
  "peak_memory": 65.461690432,
  "steps_per_report_step_unit": "optimizer"
}