{
  "event": "train",
  "logged_at": "2026-04-09T20:20:40.165091+00:00",
  "iteration": 784,
  "optimizer_step": 101,
  "train_loss": 0.19507113099098206,
  "learning_rate": 3.541570947618311e-07,
  "iterations_per_second": 0.7689879340768777,
  "tokens_per_second": 356.81040141167125,
  "trained_tokens": 417059,
  "peak_memory": 65.850003412,
  "steps_per_report_step_unit": "optimizer"
}