{
  "event": "train",
  "logged_at": "2026-04-10T13:53:43.204087+00:00",
  "iteration": 90,
  "optimizer_step": 12,
  "train_loss": 0.4577157497406006,
  "learning_rate": 1.3629650652546843e-07,
  "iterations_per_second": 0.6609418945242954,
  "tokens_per_second": 436.15555619658255,
  "trained_tokens": 57771,
  "peak_memory": 65.461668098,
  "steps_per_report_step_unit": "optimizer"
}