{
  "event": "train",
  "logged_at": "2026-04-10T20:07:09.469684+00:00",
  "iteration": 90,
  "optimizer_step": 12,
  "train_loss": 0.4579903602600098,
  "learning_rate": 1.3629650652546843e-07,
  "iterations_per_second": 0.552999560862161,
  "tokens_per_second": 361.7723127160257,
  "trained_tokens": 57109,
  "peak_memory": 69.028941292,
  "steps_per_report_step_unit": "optimizer"
}