{
  "observed_at": "2026-04-17T09:59:56.323508+00:00",
  "step": 2,
  "step_zero_indexed": 1,
  "v20_snapshot_step": 1,
  "examples_in_step": 32,
  "microbatches_in_step": 32,
  "train_loss": 0.359523607908205,
  "step_tokens": 91684,
  "trained_tokens": 195946,
  "lr": 0.00019926199261992622,
  "elapsed_seconds": 305.8363,
  "total_elapsed_seconds": 612.8017,
  "peak_memory_gb": 221.9409
}
