{
  "event": "train",
  "logged_at": "2026-04-11T02:12:45.796521+00:00",
  "iteration": 60,
  "optimizer_step": 8,
  "train_loss": 0.3952998161315918,
  "learning_rate": 1.5224075866626663e-07,
  "iterations_per_second": 0.6032770406044969,
  "tokens_per_second": 332.9485987096219,
  "trained_tokens": 33114,
  "peak_memory": 69.028527346,
  "steps_per_report_step_unit": "optimizer"
}