{
  "observed_at": "2026-04-16T05:30:55.912745+00:00",
  "step": 14,
  "step_zero_indexed": 13,
  "v20_snapshot_step": 13,
  "examples_in_step": 32,
  "microbatches_in_step": 32,
  "train_loss": 0.008744985426299855,
  "step_tokens": 83505,
  "trained_tokens": 1530290,
  "lr": 0.00018938775510204083,
  "elapsed_seconds": 314.3395,
  "total_elapsed_seconds": 4365.6302,
  "peak_memory_gb": 221.9409
}
