{
  "observed_at": "2026-04-16T23:34:51.514207+00:00",
  "step": 227,
  "step_zero_indexed": 226,
  "v20_snapshot_step": 226,
  "examples_in_step": 32,
  "microbatches_in_step": 32,
  "train_loss": 0.00024954812065696596,
  "step_tokens": 122448,
  "trained_tokens": 24672865,
  "lr": 1.551020408163266e-05,
  "elapsed_seconds": 304.877,
  "total_elapsed_seconds": 69401.2258,
  "peak_memory_gb": 222.0017
}
