{
  "observed_at": "2026-04-17T01:04:51.634025+00:00",
  "step": 245,
  "step_zero_indexed": 244,
  "v20_snapshot_step": 244,
  "examples_in_step": 22,
  "microbatches_in_step": 22,
  "train_loss": 0.00031850469393745887,
  "step_tokens": 68475,
  "trained_tokens": 26568807,
  "lr": 8.163265306122547e-07,
  "elapsed_seconds": 210.3574,
  "total_elapsed_seconds": 74801.3432,
  "peak_memory_gb": 222.0017
}
