{
  "event": "train",
  "logged_at": "2026-04-10T13:29:48.217538+00:00",
  "iteration": 90,
  "optimizer_step": 12,
  "train_loss": 0.44539175033569334,
  "learning_rate": 1.3629650652546843e-07,
  "iterations_per_second": 0.5365597590230471,
  "tokens_per_second": 356.8122397503263,
  "trained_tokens": 57237,
  "peak_memory": 65.462057914,
  "steps_per_report_step_unit": "optimizer"
}