{
  "event": "train",
  "logged_at": "2026-04-10T11:28:58.729274+00:00",
  "iteration": 90,
  "optimizer_step": 12,
  "train_loss": 0.37764530181884765,
  "learning_rate": 1.3629650652546843e-07,
  "iterations_per_second": 0.4941181187887578,
  "tokens_per_second": 362.6826991909482,
  "trained_tokens": 52631,
  "peak_memory": 65.461813678,
  "steps_per_report_step_unit": "optimizer"
}