{
  "event": "train",
  "logged_at": "2026-04-10T04:06:33.533601+00:00",
  "iteration": 90,
  "optimizer_step": 12,
  "train_loss": 0.38713037967681885,
  "learning_rate": 1.3629650652546843e-07,
  "iterations_per_second": 0.6406487156825408,
  "tokens_per_second": 408.6057508623245,
  "trained_tokens": 58126,
  "peak_memory": 65.461719828,
  "steps_per_report_step_unit": "optimizer"
}