{
  "event": "train",
  "logged_at": "2026-04-09T06:35:02.080434+00:00",
  "iteration": 784,
  "optimizer_step": 101,
  "train_loss": 0.19751060009002686,
  "learning_rate": 2.3610472510426916e-07,
  "iterations_per_second": 0.3639534305343311,
  "tokens_per_second": 168.87439176792964,
  "trained_tokens": 418695,
  "peak_memory": 71.472787236,
  "steps_per_report_step_unit": "optimizer"
}