{
  "event": "train",
  "logged_at": "2026-04-10T07:43:10.786382+00:00",
  "iteration": 90,
  "optimizer_step": 12,
  "train_loss": 0.4124253749847412,
  "learning_rate": 1.3629650652546843e-07,
  "iterations_per_second": 0.5564440226778073,
  "tokens_per_second": 442.7068644424635,
  "trained_tokens": 60725,
  "peak_memory": 65.461597048,
  "steps_per_report_step_unit": "optimizer"
}