{
  "event": "train",
  "logged_at": "2026-04-11T17:31:18.446718+00:00",
  "iteration": 64,
  "optimizer_step": 8,
  "train_loss": 0.3468451499938965,
  "learning_rate": 3.806018966656666e-08,
  "iterations_per_second": 0.4623449531221843,
  "tokens_per_second": 257.5550354486268,
  "trained_tokens": 35652,
  "peak_memory": 65.46171281,
  "steps_per_report_step_unit": "optimizer"
}