{
  "observed_at": "2026-04-15T00:30:26.146935+00:00",
  "step": 1,
  "step_zero_indexed": 0,
  "v20_snapshot_step": 0,
  "examples_in_step": 32,
  "microbatches_in_step": 32,
  "train_loss": 0.3835325885531003,
  "step_tokens": 104262,
  "trained_tokens": 104262,
  "lr": 0.0002,
  "elapsed_seconds": 305.9085,
  "total_elapsed_seconds": 305.9085,
  "peak_memory_gb": 214.8353
}
