{
  "event": "train",
  "logged_at": "2026-04-10T04:36:47.665229+00:00",
  "iteration": 90,
  "optimizer_step": 12,
  "train_loss": 0.4127786159515381,
  "learning_rate": 1.3629650652546843e-07,
  "iterations_per_second": 0.5412856885814077,
  "tokens_per_second": 337.7081411059403,
  "trained_tokens": 58919,
  "peak_memory": 65.461854414,
  "steps_per_report_step_unit": "optimizer"
}