{
  "observed_at": "2026-04-13T20:13:34.537044+00:00",
  "step": 245,
  "step_zero_indexed": 244,
  "v20_snapshot_step": 244,
  "examples_in_step": 22,
  "microbatches_in_step": 2,
  "train_loss": 0.16977385855533642,
  "step_tokens": 68497,
  "trained_tokens": 26576637,
  "lr": 8.163265306122547e-07,
  "elapsed_seconds": 110.1493,
  "total_elapsed_seconds": 27014.2653,
  "peak_memory_gb": 307.9588
}
