{
  "event": "train",
  "logged_at": "2026-04-09T12:16:22.106309+00:00",
  "iteration": 523,
  "optimizer_step": 67,
  "train_loss": 0.22726795890114523,
  "learning_rate": 1.3678580046416755e-07,
  "iterations_per_second": 0.3558564208863554,
  "tokens_per_second": 186.72756921418576,
  "trained_tokens": 277977,
  "peak_memory": 67.398642338,
  "steps_per_report_step_unit": "optimizer"
}