{
  "event": "train",
  "logged_at": "2026-04-11T11:50:42.035357+00:00",
  "iteration": 64,
  "optimizer_step": 8,
  "train_loss": 0.46170374751091003,
  "learning_rate": 3.806018966656666e-08,
  "iterations_per_second": 0.99242653472615,
  "tokens_per_second": 500.9893200614446,
  "trained_tokens": 32308,
  "peak_memory": 65.461574232,
  "steps_per_report_step_unit": "optimizer"
}