{
  "observed_at": "2026-04-15T02:28:11.274534+00:00",
  "step": 23,
  "step_zero_indexed": 22,
  "v20_snapshot_step": 22,
  "examples_in_step": 32,
  "microbatches_in_step": 32,
  "train_loss": 0.005393853088901411,
  "step_tokens": 108086,
  "trained_tokens": 2513322,
  "lr": 0.00018204081632653064,
  "elapsed_seconds": 303.6133,
  "total_elapsed_seconds": 6985.2185,
  "peak_memory_gb": 221.9409
}
