{
  "observed_at": "2026-04-15T21:25:53.287801+00:00",
  "step": 245,
  "step_zero_indexed": 244,
  "v20_snapshot_step": 244,
  "examples_in_step": 22,
  "microbatches_in_step": 22,
  "train_loss": 0.00030877206662561054,
  "step_tokens": 68475,
  "trained_tokens": 26568807,
  "lr": 8.163265306122547e-07,
  "elapsed_seconds": 213.2064,
  "total_elapsed_seconds": 75247.1154,
  "peak_memory_gb": 221.9409
}
