{
  "observed_at": "2026-04-15T08:00:57.307395+00:00",
  "step": 88,
  "step_zero_indexed": 87,
  "v20_snapshot_step": 87,
  "examples_in_step": 32,
  "microbatches_in_step": 32,
  "train_loss": 0.0019253392716242494,
  "step_tokens": 82453,
  "trained_tokens": 9538742,
  "lr": 0.0001289795918367347,
  "elapsed_seconds": 312.9907,
  "total_elapsed_seconds": 26951.2012,
  "peak_memory_gb": 221.9409
}
