{
  "observed_at": "2026-04-15T02:48:26.209762+00:00",
  "step": 27,
  "step_zero_indexed": 26,
  "v20_snapshot_step": 26,
  "examples_in_step": 32,
  "microbatches_in_step": 32,
  "train_loss": 0.0038937293759880314,
  "step_tokens": 105763,
  "trained_tokens": 2930485,
  "lr": 0.00017877551020408164,
  "elapsed_seconds": 303.6194,
  "total_elapsed_seconds": 8200.1496,
  "peak_memory_gb": 221.9409
}
