{
  "observed_at": "2026-04-15T02:23:07.660179+00:00",
  "step": 22,
  "step_zero_indexed": 21,
  "v20_snapshot_step": 21,
  "examples_in_step": 32,
  "microbatches_in_step": 32,
  "train_loss": 0.007001902931918193,
  "step_tokens": 119289,
  "trained_tokens": 2405236,
  "lr": 0.00018285714285714286,
  "elapsed_seconds": 303.6233,
  "total_elapsed_seconds": 6681.6048,
  "peak_memory_gb": 221.9409
}
