{
  "event": "train",
  "logged_at": "2026-04-10T04:59:16.874576+00:00",
  "iteration": 90,
  "optimizer_step": 12,
  "train_loss": 0.41794161796569823,
  "learning_rate": 1.3629650652546843e-07,
  "iterations_per_second": 0.34059141490304984,
  "tokens_per_second": 218.52345180179677,
  "trained_tokens": 59366,
  "peak_memory": 65.46196221,
  "steps_per_report_step_unit": "optimizer"
}