{
  "event": "train",
  "logged_at": "2026-04-10T19:37:16.873415+00:00",
  "iteration": 90,
  "optimizer_step": 12,
  "train_loss": 0.47343926429748534,
  "learning_rate": 1.3629650652546843e-07,
  "iterations_per_second": 0.3374447778510082,
  "tokens_per_second": 220.75637367012956,
  "trained_tokens": 57109,
  "peak_memory": 79.867792542,
  "steps_per_report_step_unit": "optimizer"
}