{
  "event": "train",
  "logged_at": "2026-04-10T20:43:19.965290+00:00",
  "iteration": 90,
  "optimizer_step": 12,
  "train_loss": 0.45124282836914065,
  "learning_rate": 1.3629650652546843e-07,
  "iterations_per_second": 0.3463149272080125,
  "tokens_per_second": 226.21291045227375,
  "trained_tokens": 57399,
  "peak_memory": 69.02865746,
  "steps_per_report_step_unit": "optimizer"
}