{
  "event": "train",
  "logged_at": "2026-04-11T01:56:09.557700+00:00",
  "iteration": 60,
  "optimizer_step": 8,
  "train_loss": 0.3995256741841634,
  "learning_rate": 1.5224075866626663e-07,
  "iterations_per_second": 0.6392172634260858,
  "tokens_per_second": 390.81743485870885,
  "trained_tokens": 36684,
  "peak_memory": 69.028298456,
  "steps_per_report_step_unit": "optimizer"
}