{
  "event": "train",
  "logged_at": "2026-04-10T20:43:38.260957+00:00",
  "iteration": 90,
  "optimizer_step": 12,
  "train_loss": 0.45073704719543456,
  "learning_rate": 1.3629650652546843e-07,
  "iterations_per_second": 0.5713479814561964,
  "tokens_per_second": 373.20450148718743,
  "trained_tokens": 57507,
  "peak_memory": 69.028625758,
  "steps_per_report_step_unit": "optimizer"
}