{
  "event": "train",
  "logged_at": "2026-04-09T21:00:35.047370+00:00",
  "iteration": 523,
  "optimizer_step": 67,
  "train_loss": 0.2411929043856534,
  "learning_rate": 4.1035741560335737e-07,
  "iterations_per_second": 0.5840840980563154,
  "tokens_per_second": 306.48485581645934,
  "trained_tokens": 275879,
  "peak_memory": 64.84935358,
  "steps_per_report_step_unit": "optimizer"
}