{
  "event": "train",
  "logged_at": "2026-04-09T06:45:55.508085+00:00",
  "iteration": 784,
  "optimizer_step": 101,
  "train_loss": 0.1976962387561798,
  "learning_rate": 2.3610472510426916e-07,
  "iterations_per_second": 0.40639951909520505,
  "tokens_per_second": 188.56937686017514,
  "trained_tokens": 418695,
  "peak_memory": 71.472783002,
  "steps_per_report_step_unit": "optimizer"
}