{
  "event": "train",
  "logged_at": "2026-04-10T11:24:39.735122+00:00",
  "iteration": 90,
  "optimizer_step": 12,
  "train_loss": 0.4457849025726318,
  "learning_rate": 1.3629650652546843e-07,
  "iterations_per_second": 0.6516175360841108,
  "tokens_per_second": 436.71407268357103,
  "trained_tokens": 51349,
  "peak_memory": 65.461714688,
  "steps_per_report_step_unit": "optimizer"
}