{
  "event": "train",
  "logged_at": "2026-04-10T14:46:18.846942+00:00",
  "iteration": 90,
  "optimizer_step": 12,
  "train_loss": 0.45681276321411135,
  "learning_rate": 1.3629650652546843e-07,
  "iterations_per_second": 0.5389426036260558,
  "tokens_per_second": 354.89370448775776,
  "trained_tokens": 57391,
  "peak_memory": 65.461729282,
  "steps_per_report_step_unit": "optimizer"
}