{
  "event": "train",
  "logged_at": "2026-04-11T12:59:06.563490+00:00",
  "iteration": 96,
  "optimizer_step": 12,
  "train_loss": 0.3945339322090149,
  "learning_rate": 1.7037063315683554e-08,
  "iterations_per_second": 0.7672744897888338,
  "tokens_per_second": 362.44128711400043,
  "trained_tokens": 47007,
  "peak_memory": 65.46156026,
  "steps_per_report_step_unit": "optimizer"
}