{
  "event": "train",
  "logged_at": "2026-04-11T21:00:24.165782+00:00",
  "iteration": 64,
  "optimizer_step": 8,
  "train_loss": 0.3628775477409363,
  "learning_rate": 3.806018966656666e-08,
  "iterations_per_second": 0.5802137282196734,
  "tokens_per_second": 324.3848032723146,
  "trained_tokens": 35781,
  "peak_memory": 65.461566438,
  "steps_per_report_step_unit": "optimizer"
}