{
  "observed_at": "2026-04-13T12:22:59.601000+00:00",
  "step": 1,
  "step_zero_indexed": 0,
  "v20_snapshot_step": 0,
  "examples_in_step": 32,
  "microbatches_in_step": 2,
  "train_loss": 0.3943503541745424,
  "step_tokens": 104294,
  "trained_tokens": 104294,
  "lr": 0.0002,
  "elapsed_seconds": 102.3078,
  "total_elapsed_seconds": 102.3078,
  "peak_memory_gb": 288.8066
}
