{
  "event": "train",
  "logged_at": "2026-04-12T11:44:20.000508+00:00",
  "iteration": 64,
  "optimizer_step": 8,
  "train_loss": 0.38409748673439026,
  "learning_rate": 3.806018966656666e-08,
  "iterations_per_second": 0.952611479295219,
  "tokens_per_second": 505.1668905593819,
  "trained_tokens": 33939,
  "peak_memory": 65.461443292,
  "steps_per_report_step_unit": "optimizer"
}