{
  "event": "train",
  "logged_at": "2026-04-11T15:29:41.749899+00:00",
  "iteration": 64,
  "optimizer_step": 8,
  "train_loss": 0.3243245780467987,
  "learning_rate": 3.806018966656666e-08,
  "iterations_per_second": 0.4841640350783999,
  "tokens_per_second": 276.87374249741185,
  "trained_tokens": 36599,
  "peak_memory": 65.461583018,
  "steps_per_report_step_unit": "optimizer"
}