{
  "event": "train",
  "logged_at": "2026-04-09T11:41:48.519598+00:00",
  "iteration": 6642,
  "optimizer_step": 832,
  "train_loss": 0.39667322900560165,
  "learning_rate": 6.576150326509378e-07,
  "iterations_per_second": 0.8170168820879157,
  "tokens_per_second": 386.8121038418454,
  "trained_tokens": 3943876,
  "peak_memory": 68.596523768,
  "steps_per_report_step_unit": "optimizer"
}