{
  "event": "train",
  "logged_at": "2026-04-10T13:53:27.189951+00:00",
  "iteration": 90,
  "optimizer_step": 12,
  "train_loss": 0.4565877914428711,
  "learning_rate": 1.3629650652546843e-07,
  "iterations_per_second": 0.3643534078447569,
  "tokens_per_second": 239.9267190657724,
  "trained_tokens": 57483,
  "peak_memory": 65.461742836,
  "steps_per_report_step_unit": "optimizer"
}