{
  "event": "train",
  "logged_at": "2026-04-11T04:22:10.982487+00:00",
  "iteration": 60,
  "optimizer_step": 8,
  "train_loss": 0.3112117449442546,
  "learning_rate": 1.5224075866626663e-07,
  "iterations_per_second": 0.6008369892200195,
  "tokens_per_second": 336.9794254040479,
  "trained_tokens": 33651,
  "peak_memory": 68.9456671,
  "steps_per_report_step_unit": "optimizer"
}