{
  "event": "train",
  "logged_at": "2026-04-09T12:25:30.325515+00:00",
  "iteration": 784,
  "optimizer_step": 101,
  "train_loss": 0.18862289190292358,
  "learning_rate": 2.3610472510426916e-07,
  "iterations_per_second": 0.44706922102364366,
  "tokens_per_second": 207.44011855497067,
  "trained_tokens": 418695,
  "peak_memory": 68.048175698,
  "steps_per_report_step_unit": "optimizer"
}