{
  "event": "train",
  "logged_at": "2026-04-09T19:20:08.953587+00:00",
  "iteration": 784,
  "optimizer_step": 101,
  "train_loss": 0.20114123821258545,
  "learning_rate": 2.3610472510426916e-07,
  "iterations_per_second": 0.6143235998951447,
  "tokens_per_second": 285.04615035134714,
  "trained_tokens": 417059,
  "peak_memory": 65.850018392,
  "steps_per_report_step_unit": "optimizer"
}