{
  "event": "train",
  "logged_at": "2026-04-10T14:07:58.244139+00:00",
  "iteration": 90,
  "optimizer_step": 12,
  "train_loss": 0.4584913730621338,
  "learning_rate": 1.3629650652546843e-07,
  "iterations_per_second": 0.5392303092614674,
  "tokens_per_second": 355.35277380330706,
  "trained_tokens": 57539,
  "peak_memory": 65.461623564,
  "steps_per_report_step_unit": "optimizer"
}