{
  "event": "train",
  "logged_at": "2026-04-09T13:09:21.493620+00:00",
  "iteration": 784,
  "optimizer_step": 101,
  "train_loss": 0.186509907245636,
  "learning_rate": 5.902617772335361e-07,
  "iterations_per_second": 0.388106006304958,
  "tokens_per_second": 180.08118692550053,
  "trained_tokens": 418695,
  "peak_memory": 68.04818084,
  "steps_per_report_step_unit": "optimizer"
}