{
  "event": "train",
  "logged_at": "2026-04-09T17:33:15.378042+00:00",
  "iteration": 160,
  "optimizer_step": 20,
  "train_loss": 0.24354958534240723,
  "learning_rate": 1.919353053381201e-05,
  "iterations_per_second": 0.35183376391419313,
  "tokens_per_second": 187.03922681883398,
  "trained_tokens": 84805,
  "peak_memory": 65.800371546,
  "steps_per_report_step_unit": "optimizer"
}