{
  "event": "train",
  "logged_at": "2026-04-10T03:35:02.149450+00:00",
  "iteration": 90,
  "optimizer_step": 12,
  "train_loss": 0.40588107109069826,
  "learning_rate": 1.3629650652546843e-07,
  "iterations_per_second": 0.6417913079712435,
  "tokens_per_second": 396.1135952798515,
  "trained_tokens": 57387,
  "peak_memory": 65.461770738,
  "steps_per_report_step_unit": "optimizer"
}