{
  "event": "train",
  "logged_at": "2026-04-10T22:24:57.724078+00:00",
  "iteration": 60,
  "optimizer_step": 8,
  "train_loss": 0.49030189514160155,
  "learning_rate": 1.5224075866626663e-07,
  "iterations_per_second": 0.5499354513992576,
  "tokens_per_second": 350.8038244475864,
  "trained_tokens": 38274,
  "peak_memory": 69.02827803,
  "steps_per_report_step_unit": "optimizer"
}