{
  "event": "train",
  "logged_at": "2026-04-11T17:35:01.559775+00:00",
  "iteration": 64,
  "optimizer_step": 8,
  "train_loss": 0.32010507583618164,
  "learning_rate": 3.806018966656666e-08,
  "iterations_per_second": 0.37688401910851066,
  "tokens_per_second": 211.45548997106874,
  "trained_tokens": 35908,
  "peak_memory": 65.461444358,
  "steps_per_report_step_unit": "optimizer"
}