{
  "event": "train",
  "logged_at": "2026-04-10T08:04:32.360639+00:00",
  "iteration": 90,
  "optimizer_step": 12,
  "train_loss": 0.6558646202087403,
  "learning_rate": 1.3629650652546843e-07,
  "iterations_per_second": 0.5076142561788616,
  "tokens_per_second": 266.2436773658129,
  "trained_tokens": 55448,
  "peak_memory": 65.461630478,
  "steps_per_report_step_unit": "optimizer"
}