{
  "event": "train",
  "logged_at": "2026-04-11T20:36:43.554254+00:00",
  "iteration": 64,
  "optimizer_step": 8,
  "train_loss": 0.3682423233985901,
  "learning_rate": 3.806018966656666e-08,
  "iterations_per_second": 0.5439931241553225,
  "tokens_per_second": 289.820836786313,
  "trained_tokens": 34097,
  "peak_memory": 65.461978848,
  "steps_per_report_step_unit": "optimizer"
}