{
  "event": "train",
  "logged_at": "2026-04-10T11:07:17.488523+00:00",
  "iteration": 90,
  "optimizer_step": 12,
  "train_loss": 0.5416955471038818,
  "learning_rate": 1.3629650652546843e-07,
  "iterations_per_second": 0.507315653351667,
  "tokens_per_second": 300.1279405228462,
  "trained_tokens": 54444,
  "peak_memory": 65.461658766,
  "steps_per_report_step_unit": "optimizer"
}