{
  "event": "train",
  "logged_at": "2026-04-10T17:59:08.491429+00:00",
  "iteration": 90,
  "optimizer_step": 12,
  "train_loss": 0.4501641750335693,
  "learning_rate": 1.3629650652546843e-07,
  "iterations_per_second": 0.5341703617372565,
  "tokens_per_second": 351.3772639507673,
  "trained_tokens": 57497,
  "peak_memory": 65.462035146,
  "steps_per_report_step_unit": "optimizer"
}