{
  "event": "train",
  "logged_at": "2026-04-12T01:17:32.678969+00:00",
  "iteration": 64,
  "optimizer_step": 8,
  "train_loss": 0.34232383966445923,
  "learning_rate": 3.806018966656666e-08,
  "iterations_per_second": 0.5730985015780692,
  "tokens_per_second": 323.0932349287237,
  "trained_tokens": 36081,
  "peak_memory": 65.461679654,
  "steps_per_report_step_unit": "optimizer"
}