{
  "event": "train",
  "logged_at": "2026-04-10T03:30:21.157502+00:00",
  "iteration": 90,
  "optimizer_step": 12,
  "train_loss": 0.33318819999694826,
  "learning_rate": 1.3629650652546843e-07,
  "iterations_per_second": 0.4989012770024245,
  "tokens_per_second": 343.04451806686706,
  "trained_tokens": 58350,
  "peak_memory": 65.461734016,
  "steps_per_report_step_unit": "optimizer"
}