{
  "event": "train",
  "logged_at": "2026-04-10T01:40:22.360427+00:00",
  "iteration": 90,
  "optimizer_step": 12,
  "train_loss": 0.33283419609069825,
  "learning_rate": 1.3629650652546843e-07,
  "iterations_per_second": 0.33262988672888627,
  "tokens_per_second": 228.7163101147822,
  "trained_tokens": 58350,
  "peak_memory": 65.461715376,
  "steps_per_report_step_unit": "optimizer"
}