{
  "event": "train",
  "logged_at": "2026-04-12T02:23:05.196178+00:00",
  "iteration": 63,
  "optimizer_step": 8,
  "train_loss": 0.3438885703919426,
  "learning_rate": 3.806018966656666e-08,
  "iterations_per_second": 0.5270422082133239,
  "tokens_per_second": 297.53624090976314,
  "trained_tokens": 35566,
  "peak_memory": 65.461964436,
  "steps_per_report_step_unit": "optimizer"
}