{
  "event": "train",
  "logged_at": "2026-04-09T16:22:02.430384+00:00",
  "iteration": 784,
  "optimizer_step": 101,
  "train_loss": 0.1893729567527771,
  "learning_rate": 2.3610472510426916e-07,
  "iterations_per_second": 0.39951879958274183,
  "tokens_per_second": 185.3767230063922,
  "trained_tokens": 417059,
  "peak_memory": 65.518265126,
  "steps_per_report_step_unit": "optimizer"
}