{
  "event": "train",
  "logged_at": "2026-04-11T08:30:19.506763+00:00",
  "iteration": 348,
  "optimizer_step": 45,
  "train_loss": 0.20630056717816522,
  "learning_rate": 1.9369154813375644e-07,
  "iterations_per_second": 0.8076636287492686,
  "tokens_per_second": 411.62339291080366,
  "trained_tokens": 185794,
  "peak_memory": 67.39922569,
  "steps_per_report_step_unit": "optimizer"
}