{
  "event": "train",
  "logged_at": "2026-04-12T06:13:28.997368+00:00",
  "iteration": 64,
  "optimizer_step": 8,
  "train_loss": 0.35451051592826843,
  "learning_rate": 3.806018966656666e-08,
  "iterations_per_second": 0.9219695036273728,
  "tokens_per_second": 510.79991655655294,
  "trained_tokens": 35458,
  "peak_memory": 65.4616206,
  "steps_per_report_step_unit": "optimizer"
}