{
  "event": "train",
  "logged_at": "2026-04-10T17:00:37.651701+00:00",
  "iteration": 90,
  "optimizer_step": 12,
  "train_loss": 0.4447113037109375,
  "learning_rate": 1.3629650652546843e-07,
  "iterations_per_second": 0.6527837407772075,
  "tokens_per_second": 434.10118761684294,
  "trained_tokens": 57305,
  "peak_memory": 65.46209211,
  "steps_per_report_step_unit": "optimizer"
}