{
  "event": "train",
  "logged_at": "2026-04-11T06:26:03.776252+00:00",
  "iteration": 60,
  "optimizer_step": 8,
  "train_loss": 0.6503735860188802,
  "learning_rate": 1.5224075866626663e-07,
  "iterations_per_second": 0.6678027054121136,
  "tokens_per_second": 402.95215244566936,
  "trained_tokens": 36204,
  "peak_memory": 65.432562034,
  "steps_per_report_step_unit": "optimizer"
}