{
  "event": "train",
  "logged_at": "2026-04-09T16:45:31.725837+00:00",
  "iteration": 784,
  "optimizer_step": 101,
  "train_loss": 0.18247346580028534,
  "learning_rate": 3.541570947618311e-07,
  "iterations_per_second": 0.41070436234424773,
  "tokens_per_second": 190.56682412773094,
  "trained_tokens": 418695,
  "peak_memory": 67.398637282,
  "steps_per_report_step_unit": "optimizer"
}