{
  "event": "train",
  "logged_at": "2026-04-11T09:25:17.814119+00:00",
  "iteration": 348,
  "optimizer_step": 45,
  "train_loss": 0.20810497508329504,
  "learning_rate": 9.684577406687822e-08,
  "iterations_per_second": 0.7602572482475666,
  "tokens_per_second": 387.46287051864215,
  "trained_tokens": 185794,
  "peak_memory": 67.399198056,
  "steps_per_report_step_unit": "optimizer"
}