{
  "event": "train",
  "logged_at": "2026-04-11T07:20:32.594520+00:00",
  "iteration": 90,
  "optimizer_step": 12,
  "train_loss": 0.45014472007751466,
  "learning_rate": 1.3629650652546843e-07,
  "iterations_per_second": 0.6575830572264988,
  "tokens_per_second": 432.5581350435909,
  "trained_tokens": 57478,
  "peak_memory": 65.46201349,
  "steps_per_report_step_unit": "optimizer"
}