{
  "event": "train",
  "logged_at": "2026-04-09T12:12:30.827771+00:00",
  "iteration": 784,
  "optimizer_step": 101,
  "train_loss": 0.18246573209762573,
  "learning_rate": 2.3610472510426916e-07,
  "iterations_per_second": 0.38701213409089374,
  "tokens_per_second": 179.5736302181747,
  "trained_tokens": 418695,
  "peak_memory": 67.39864767,
  "steps_per_report_step_unit": "optimizer"
}