{
  "event": "train",
  "logged_at": "2026-04-10T20:59:02.486654+00:00",
  "iteration": 90,
  "optimizer_step": 12,
  "train_loss": 0.4494344234466553,
  "learning_rate": 1.3629650652546843e-07,
  "iterations_per_second": 0.5662164759342161,
  "tokens_per_second": 372.45719786952736,
  "trained_tokens": 57478,
  "peak_memory": 69.028904772,
  "steps_per_report_step_unit": "optimizer"
}