{
  "event": "train",
  "logged_at": "2026-04-09T12:33:20.132328+00:00",
  "iteration": 523,
  "optimizer_step": 67,
  "train_loss": 0.25174413160844283,
  "learning_rate": 6.839290023208378e-08,
  "iterations_per_second": 0.5982936073617897,
  "tokens_per_second": 313.9409728811136,
  "trained_tokens": 277977,
  "peak_memory": 67.398641328,
  "steps_per_report_step_unit": "optimizer"
}