{
  "event": "train",
  "logged_at": "2026-04-09T23:59:33.141219+00:00",
  "iteration": 90,
  "optimizer_step": 12,
  "train_loss": 0.19167364835739137,
  "learning_rate": 1.703706402622629e-07,
  "iterations_per_second": 0.5362004734481407,
  "tokens_per_second": 429.0676188532022,
  "trained_tokens": 60024,
  "peak_memory": 66.428270604,
  "steps_per_report_step_unit": "optimizer"
}