{
  "event": "train",
  "logged_at": "2026-04-11T09:59:36.352175+00:00",
  "iteration": 117,
  "optimizer_step": 16,
  "train_loss": 0.4324653213088577,
  "learning_rate": 1.9214867919004064e-08,
  "iterations_per_second": 0.8715309678221205,
  "tokens_per_second": 545.1543978182475,
  "trained_tokens": 72956,
  "peak_memory": 67.31778572,
  "steps_per_report_step_unit": "optimizer"
}