{
  "event": "train",
  "logged_at": "2026-04-09T16:54:28.757331+00:00",
  "iteration": 523,
  "optimizer_step": 67,
  "train_loss": 0.21928483789617365,
  "learning_rate": 2.735716009283351e-07,
  "iterations_per_second": 0.4183852197447321,
  "tokens_per_second": 219.53813530605396,
  "trained_tokens": 275879,
  "peak_memory": 65.032347404,
  "steps_per_report_step_unit": "optimizer"
}