{
  "event": "train",
  "logged_at": "2026-04-11T22:57:12.549581+00:00",
  "iteration": 64,
  "optimizer_step": 8,
  "train_loss": 0.3503897190093994,
  "learning_rate": 3.806018966656666e-08,
  "iterations_per_second": 0.6943645167210303,
  "tokens_per_second": 392.73908032475896,
  "trained_tokens": 36199,
  "peak_memory": 65.462050774,
  "steps_per_report_step_unit": "optimizer"
}