{
  "event": "train",
  "logged_at": "2026-04-10T12:47:05.691582+00:00",
  "iteration": 90,
  "optimizer_step": 12,
  "train_loss": 0.48746743202209475,
  "learning_rate": 1.3629650652546843e-07,
  "iterations_per_second": 0.43055573154595916,
  "tokens_per_second": 267.7195538752774,
  "trained_tokens": 49057,
  "peak_memory": 65.461771328,
  "steps_per_report_step_unit": "optimizer"
}