{
  "event": "train",
  "logged_at": "2026-04-09T06:56:12.728007+00:00",
  "iteration": 468,
  "optimizer_step": 60,
  "train_loss": 0.25502222937506597,
  "learning_rate": 7.708400175943098e-07,
  "iterations_per_second": 0.5410463716304402,
  "tokens_per_second": 279.45045094712236,
  "trained_tokens": 249117,
  "peak_memory": 70.926247348,
  "steps_per_report_step_unit": "optimizer"
}