{
  "event": "train",
  "logged_at": "2026-04-09T06:57:56.343946+00:00",
  "iteration": 523,
  "optimizer_step": 67,
  "train_loss": 0.2705507798628374,
  "learning_rate": 1.3678580046416755e-07,
  "iterations_per_second": 0.533786375400438,
  "tokens_per_second": 280.09226898284805,
  "trained_tokens": 277977,
  "peak_memory": 70.926247348,
  "steps_per_report_step_unit": "optimizer"
}