{
  "event": "train",
  "logged_at": "2026-04-09T06:48:42.992439+00:00",
  "iteration": 234,
  "optimizer_step": 30,
  "train_loss": 0.39468453381512614,
  "learning_rate": 6.940459570614621e-06,
  "iterations_per_second": 0.5762547965447072,
  "tokens_per_second": 315.26588429881724,
  "trained_tokens": 125290,
  "peak_memory": 70.926247348,
  "steps_per_report_step_unit": "optimizer"
}