{
  "event": "train",
  "logged_at": "2026-04-09T06:35:13.977708+00:00",
  "iteration": 523,
  "optimizer_step": 67,
  "train_loss": 0.23583389629017223,
  "learning_rate": 1.3678580046416755e-07,
  "iterations_per_second": 0.357080987934273,
  "tokens_per_second": 187.37013294151126,
  "trained_tokens": 277977,
  "peak_memory": 70.926272522,
  "steps_per_report_step_unit": "optimizer"
}