{
  "event": "train",
  "logged_at": "2026-04-10T00:26:25.185349+00:00",
  "iteration": 90,
  "optimizer_step": 12,
  "train_loss": 0.2980210304260254,
  "learning_rate": 1.3629650652546843e-07,
  "iterations_per_second": 0.6078528124828284,
  "tokens_per_second": 389.20815583275504,
  "trained_tokens": 59133,
  "peak_memory": 65.461740784,
  "steps_per_report_step_unit": "optimizer"
}