{
  "event": "train",
  "logged_at": "2026-04-10T00:38:06.051619+00:00",
  "iteration": 90,
  "optimizer_step": 12,
  "train_loss": 0.4323604106903076,
  "learning_rate": 1.3629650652546843e-07,
  "iterations_per_second": 0.4126898624850516,
  "tokens_per_second": 235.72844945146147,
  "trained_tokens": 58560,
  "peak_memory": 65.461874072,
  "steps_per_report_step_unit": "optimizer"
}