{
  "event": "train",
  "logged_at": "2026-04-09T00:53:08.745284+00:00",
  "iteration": 160,
  "optimizer_step": 20,
  "train_loss": 0.42555484771728513,
  "learning_rate": 1.919353053381201e-05,
  "iterations_per_second": 0.3355541902350701,
  "tokens_per_second": 178.38480195634122,
  "trained_tokens": 84805,
  "peak_memory": 69.297300784,
  "steps_per_report_step_unit": "optimizer"
}