{
  "event": "train",
  "logged_at": "2026-04-10T04:11:48.759787+00:00",
  "iteration": 90,
  "optimizer_step": 12,
  "train_loss": 0.49976348876953125,
  "learning_rate": 1.3629650652546843e-07,
  "iterations_per_second": 0.5946951452262013,
  "tokens_per_second": 417.7138700068838,
  "trained_tokens": 58730,
  "peak_memory": 65.461692462,
  "steps_per_report_step_unit": "optimizer"
}