{
  "event": "train",
  "logged_at": "2026-04-11T08:07:48.585748+00:00",
  "iteration": 697,
  "optimizer_step": 90,
  "train_loss": 0.1941123630689538,
  "learning_rate": 2.1852493148344365e-07,
  "iterations_per_second": 0.8269657961677718,
  "tokens_per_second": 436.7577904919701,
  "trained_tokens": 372063,
  "peak_memory": 67.399208296,
  "steps_per_report_step_unit": "optimizer"
}